{
  "month_sin": 0.02787299158290637,
  "month_cos": 0.06397654293644665,
  "dayofmonth_sin": -0.275117141936086,
  "dayofmonth_cos": -0.017590746620103792,
  "holiday_indicator": -0.2571888198702824,
  "days_until_next_holiday": -0.0001581453148308224,
  "days_since_holiday": 0.06870434930758411,
  "is_weekend": -0.5061731548164791,
  "day_of_week_sin": 0.29789308815399296,
  "day_of_week_cos": -0.36834738493897257,
  "weekday_volume_tier": 0.3967292308386842,
  "is_high_volume_weekday": 0.356715605412833,
  "Is_Monday": 0.0752390115462649,
  "days_until_month_end": -0.3185573876811589,
  "mid_month_peak_tier": 0.14593237154017108,
  "is_mid_month_peak": 0.12385012348601189,
  "days_to_mid_month_peak": 0.3173366588354702,
  "early_month_low_tier": 0.19696676114303358,
  "is_early_month_low": -0.25360020757197843,
  "is_first_5_days": -0.1827771999410947,
  "days_from_month_start": 0.3173366588354702,
  "post_peak_signal": -0.2047631594895908,
  "is_high_vol_weekday_AND_early_month": -0.025115990475505785
}